epoch,time,train/box_loss,train/cls_loss,train/l1_loss,metrics/precision(B),metrics/recall(B),metrics/mAP50(B),metrics/mAP50-95(B),val/box_loss,val/cls_loss,val/l1_loss,lr/pg0,lr/pg1,lr/pg2
1,49.4293,1.31048,6.13657,0.01178,0.00896,1,0.24328,0.06913,1.22455,6.53569,0.02282,0.000509361,0.000509361,0.000509361
2,96.3511,1.10917,5.28548,0.00929,0.00728,1,0.73594,0.51042,0.85142,6.12119,0.01175,0.00104394,0.00104394,0.00104394
3,142.278,1.14641,5.14102,0.00991,0.01144,0.99925,0.73312,0.45756,0.79898,5.95631,0.01159,0.00155651,0.00155651,0.00155651
4,188.801,1.12047,4.47151,0.00886,1,0.48651,0.73672,0.3831,0.96154,6.02346,0.01369,0.00156798,0.00156798,0.00156798
5,235.38,1.20069,4.50593,0.01045,0.95865,0.4824,0.83738,0.56425,0.70829,5.72129,0.01042,0.00153497,0.00153497,0.00153497
6,281.816,1.14621,4.79279,0.01029,0.98809,0.5,0.995,0.49396,0.81301,5.91771,0.01164,0.00150197,0.00150197,0.00150197
7,328.758,1.15773,4.1245,0.00972,0.86608,0.93308,0.995,0.64335,0.82952,5.36248,0.01102,0.00146896,0.00146896,0.00146896
8,376.275,1.01933,4.10579,0.00857,0.96226,0.96514,0.97108,0.59236,0.90664,5.25017,0.0131,0.00143595,0.00143595,0.00143595
9,428.052,1.0013,3.77968,0.00809,0.89178,0.80567,0.93524,0.66366,0.79208,4.78758,0.01065,0.00140295,0.00140295,0.00140295
10,477.906,1.15049,3.48826,0.00913,0.93014,0.78261,0.9109,0.63039,0.82094,4.55271,0.01091,0.00136994,0.00136994,0.00136994
11,530.339,0.97175,3.65125,0.00776,0.84906,0.91304,0.92983,0.71971,0.66601,4.18318,0.00918,0.00133693,0.00133693,0.00133693
12,578.143,1.01439,3.08538,0.00735,0.86438,1,0.95149,0.78415,0.71501,4.10956,0.00943,0.00130393,0.00130393,0.00130393
13,624.563,1.08806,3.26538,0.00893,0.94395,0.98878,0.995,0.81588,0.69674,3.9172,0.00904,0.00127092,0.00127092,0.00127092
14,673.051,1.00704,3.03004,0.00784,0.98222,0.9939,0.995,0.80157,0.77514,3.87237,0.01088,0.00123791,0.00123791,0.00123791
15,722.935,0.98354,2.80365,0.00815,0.99193,1,0.995,0.83265,0.89786,3.46242,0.0138,0.00120491,0.00120491,0.00120491
16,771.541,0.94886,2.87888,0.00731,0.99137,1,0.995,0.81855,0.81372,3.35498,0.01213,0.0011719,0.0011719,0.0011719
17,819.014,1.0387,3.10093,0.00868,0.98722,0.98421,0.995,0.81748,0.78104,3.21581,0.01087,0.00113889,0.00113889,0.00113889
18,865.852,0.88757,2.7806,0.00739,0.98311,0.96324,0.995,0.82061,0.80663,3.1521,0.01068,0.00110589,0.00110589,0.00110589
19,912.652,0.93768,2.48454,0.00726,0.97846,1,0.995,0.84168,0.76453,2.69788,0.01072,0.00107288,0.00107288,0.00107288
20,960.162,0.90757,2.45092,0.0071,0.98694,1,0.995,0.82373,0.69666,2.54041,0.00969,0.00103987,0.00103987,0.00103987
21,1007.67,0.87656,2.44369,0.00662,0.99365,1,0.995,0.85026,0.69482,2.33721,0.00959,0.00100687,0.00100687,0.00100687
22,1053.94,0.81671,2.23878,0.00652,0.99409,1,0.995,0.83646,0.81043,2.31385,0.01209,0.000973861,0.000973861,0.000973861
23,1100.23,0.83646,2.4551,0.00721,0.99068,1,0.995,0.83084,0.89294,2.28437,0.01301,0.000940855,0.000940855,0.000940855
24,1147.01,0.79624,2.19254,0.00608,0.9892,1,0.995,0.828,0.89263,2.25166,0.01288,0.000907848,0.000907848,0.000907848
25,1193.39,0.84365,2.41259,0.00612,0.9859,1,0.995,0.86189,0.77328,2.10554,0.01146,0.000874842,0.000874842,0.000874842
26,1239.69,0.82669,2.14584,0.00641,0.98396,1,0.995,0.86386,0.714,2.06538,0.0102,0.000841835,0.000841835,0.000841835
27,1286.38,0.80334,2.32911,0.00648,0.98154,1,0.995,0.86194,0.6642,2.02323,0.00877,0.000808828,0.000808828,0.000808828
28,1333.4,0.72684,2.00448,0.00585,0.98005,1,0.995,0.86074,0.68343,2.04012,0.00899,0.000775822,0.000775822,0.000775822
29,1380.02,0.78608,2.15016,0.00597,0.98268,1,0.995,0.86977,0.67343,2.02733,0.00925,0.000742815,0.000742815,0.000742815
30,1426.63,0.79962,1.93638,0.00608,0.98426,1,0.995,0.86039,0.72129,2.01647,0.01024,0.000709809,0.000709809,0.000709809
31,1473.14,0.75318,1.86201,0.0059,0.98574,1,0.995,0.84181,0.83986,1.9724,0.0118,0.000676802,0.000676802,0.000676802
32,1519.61,0.74722,1.89948,0.00492,0.98662,1,0.995,0.84964,0.84525,1.933,0.01175,0.000643795,0.000643795,0.000643795
33,1566.33,0.74203,1.91352,0.00529,0.98692,1,0.995,0.86294,0.74742,1.88845,0.01005,0.000610789,0.000610789,0.000610789
34,1614.24,0.71473,1.92547,0.00552,0.98665,1,0.995,0.86982,0.68787,1.89093,0.00911,0.000577782,0.000577782,0.000577782
35,1661.2,0.73055,1.8577,0.00581,0.98565,1,0.995,0.84854,0.7475,1.90165,0.01021,0.000544776,0.000544776,0.000544776
36,1707.27,0.75098,1.91117,0.00605,0.98479,1,0.995,0.85051,0.73367,1.88441,0.01003,0.000511769,0.000511769,0.000511769
37,1753.35,0.71946,1.84533,0.00555,0.98391,1,0.995,0.86906,0.61197,1.80617,0.008,0.000478762,0.000478762,0.000478762
38,1799.67,0.6249,1.67907,0.00469,0.98399,1,0.995,0.88315,0.57607,1.75684,0.00747,0.000445756,0.000445756,0.000445756
39,1846.7,0.73379,1.83578,0.00568,0.98401,1,0.995,0.86626,0.60677,1.69665,0.00827,0.000412749,0.000412749,0.000412749
40,1893.26,0.68125,1.63701,0.00474,0.98415,1,0.995,0.86448,0.62616,1.67847,0.00867,0.000379743,0.000379743,0.000379743
41,1940.29,0.58993,2.42119,0.00588,0.98428,1,0.995,0.86359,0.61792,1.66542,0.00852,0.000346736,0.000346736,0.000346736
42,1987.08,0.59763,2.47631,0.00561,0.98455,1,0.995,0.8748,0.60799,1.67752,0.00829,0.000313729,0.000313729,0.000313729
43,2033.38,0.56249,2.39409,0.00523,0.98518,1,0.995,0.88315,0.60549,1.7087,0.00811,0.000280723,0.000280723,0.000280723
44,2079.96,0.57331,2.38903,0.00524,0.9856,1,0.995,0.88378,0.59336,1.71702,0.00793,0.000247716,0.000247716,0.000247716
45,2126.3,0.5363,2.34822,0.00536,0.9861,1,0.995,0.87868,0.5844,1.68499,0.00775,0.00021471,0.00021471,0.00021471
46,2171.96,0.54291,2.32893,0.00498,0.98672,1,0.995,0.87871,0.58792,1.65572,0.00778,0.000181703,0.000181703,0.000181703
47,2218.59,0.54675,2.30626,0.00499,0.98724,1,0.995,0.87723,0.60823,1.61513,0.0081,0.000148696,0.000148696,0.000148696
48,2264.47,0.51607,2.21653,0.00475,0.98739,1,0.995,0.87167,0.61653,1.60081,0.00824,0.00011569,0.00011569,0.00011569
49,2311.09,0.52589,2.28158,0.00492,0.98801,1,0.995,0.87359,0.61823,1.57645,0.00831,8.26832e-05,8.26832e-05,8.26832e-05
50,2357.34,0.53609,2.24548,0.0048,0.98798,1,0.995,0.87359,0.61593,1.56968,0.00829,4.96766e-05,4.96766e-05,4.96766e-05
